rollNo,firstName,lastName,year,email,bloodGroup,identificationMark,gender,pEmail,subAddress,city,state,pinCode,contactNumber,secondaryContact,fatherName,fatherContact,fatherOccupation,motherName,motherContact,motherOccupation,dob,addharNumber,accHolderName,bankName,accNumber,IFSC
1,Deepak,Sharma,2,deepak@gmail.com,B+,no,M,deepak@gmail.com,saraswati colony,kkr,hry,136131,1234567891,8888888888,omparkash,1234567891,,,,,25-Mar-15,123456789012,Deepak,SBI,,
2,aditya,kumar,2,aditya@gmail.com,B+,no,M,aditya@gmail.com,bareli,bareli,up,12232,1212121212,1212121212,,,,,,,,123456789012,Aditya,PNB,,
3,maaz,ansari,2,maaz@gmail.com,B+,no,M,maaz@gmail.com,nit,kkr,hry,13131,2323232323,,,,,,,,,123456789012,Maaz,HDFC,,
4,John,Doe,1,johndoe@example.com,A+,none,M,johndoe.parent@example.com,123 Main St,Anytown,CA,12345,,,Robert Doe,,Engineer,Mary Doe,,Teacher,15-May-95,123456789012,John Doe,ABC Bank,1234567890,ABC12345678
5,Jane,Smith,2,janesmith@example.com,B,none,F,janesmith.parent@example.com,456 Oak St,Another Town,NY,54321,,,Michael Smith,,Doctor,Emily Smith,,Accountant,22-Aug-96,123456789012,Jane Smith,XYZ Bank,987654321,XYZ98765432
6,Alice,Johnson,3,alicejohnson@example.com,O,none,F,alicejohnson.parent@example.com,789 Pine St,Smallville,TX,67890,,,David Johnson,,Professor,Susan Johnson,,Artist,10-Feb-97,123456789012,Alice Johnson,PQR Bank,5678901234,PQR56789012
7,Robert,Williams,4,robertwilliams@example.com,AB,none,M,robertwilliams.parent@example.com,101 Cedar St,Big City,IL,45678,,,James Williams,,Lawyer,Emma Williams,,Architect,30-Nov-98,123456789012,Robert Williams,LMN Bank,6789012345,LMN67890123
8,Emily,Brown,1,emilybrown@example.com,A,none,F,emilybrown.parent@example.com,202 Elm St,Suburb City,OH,56789,,,Christopher Brown,,Engineer,Olivia Brown,,Doctor,05-Jul-99,123456789012,Emily Brown,OPQ Bank,7890123456,OPQ78901234
9,William,Anderson,2,williamanderson@example.com,B,none,M,williamanderson.parent@example.com,303 Maple St,Yourtown,NJ,67890,,,Thomas Anderson,,Professor,Sophia Anderson,,Artist,18-Apr-00,123456789012,William Anderson,DEF Bank,8901234567,DEF89012345
10,Olivia,Miller,3,oliviamiller@example.com,O,none,F,oliviamiller.parent@example.com,404 Birch St,YourCity,TX,56789,,,David Miller,,Engineer,Susan Miller,,Doctor,10-Dec-01,123456789012,Olivia Miller,LMN Bank,1234567890,LMN12345678
11,Ethan,Taylor,1,ethantaylor@example.com,A,none,M,ethantaylor.parent@example.com,505 Pineapple St,Tropical City,FL,54321,,,Andrew Taylor,,Entrepreneur,Emma Taylor,,Interior Designer,12-Oct-01,123456789012,Ethan Taylor,GHI Bank,123456789,GHI01234567
12,Sophia,Wilson,2,sophiawilson@example.com,AB,none,F,sophiawilson.parent@example.com,606 Cherry St,Countryside,GA,65432,,,Michael Wilson,,Software Engineer,Olivia Wilson,,Graphic Designer,25-May-02,123456789012,Sophia Wilson,JKL Bank,1234567890,JKL12345678
13,Liam,Moore,3,liammoore@example.com,B,none,M,liammoore.parent@example.com,707 Mango St,Sunnydale,CA,76543,,,William Moore,,Physician,Sophie Moore,,Photographer,08-Jan-03,123456789012,Liam Moore,MNO Bank,2345678901,MNO23456789
14,Amelia,Clark,4,ameliaclark@example.com,O,none,F,ameliaclark.parent@example.com,808 Lemon St,Citrus City,LA,87654,,,Christopher Clark,,Architect,Emily Clark,,Writer,17-Aug-04,123456789012,Amelia Clark,PQR Bank,3456789012,PQR34567890
15,Aiden,Hill,1,aidenhill@example.com,A+,none,M,aidenhill.parent@example.com,909 Orange St,Fruitville,TX,98765,,,Matthew Hill,,Professor,Olivia Hill,,Scientist,30-Mar-05,123456789012,Aiden Hill,STU Bank,4567890123,STU45678901
16,Abigail,Baker,2,abigailbaker@example.com,B,none,F,abigailbaker.parent@example.com,1010 Grape St,Vineyard City,NC,10987,,,David Baker,,Lawyer,Sophia Baker,,Artist,12-Nov-06,123456789012,Abigail Baker,VWX Bank,5678901234,VWX56789012
17,Logan,Campbell,3,logancampbell@example.com,O,none,M,logancampbell.parent@example.com,1111 Blueberry St,Blue City,OH,12309,,,Nathan Campbell,,Engineer,Isabella Campbell,,Psychologist,25-Jun-07,123456789012,Logan Campbell,YZ Bank,6789012345,YZ67890123
18,Mia,Perez,4,miaperez@example.com,AB,none,F,miaperez.parent@example.com,1212 Raspberry St,Berrytown,FL,21098,,,Jonathan Perez,,Doctor,Emma Perez,,Interior Designer,08-Jan-08,123456789012,Mia Perez,ABC Bank,7890123456,ABC78901234
19,Lucas,Turner,1,lucasturner@example.com,A,none,M,lucasturner.parent@example.com,1313 Cranberry St,Cranetown,NJ,32109,,,Christopher Turner,,Entrepreneur,Sophie Turner,,Writer,17-Aug-09,123456789012,Lucas Turner,DEF Bank,8901234567,DEF89012345
20,Sofia,Garcia,2,sofiagarcia@example.com,B,none,F,sofiagarcia.parent@example.com,1414 Blackberry St,Berryville,CA,43210,,,Michael Garcia,,Physician,Olivia Garcia,,Photographer,30-Mar-10,123456789012,Sofia Garcia,GHI Bank,123456789,GHI01234567
21,Noah,Hall,3,noahhall@example.com,O,none,M,noahhall.parent@example.com,1515 Watermelon St,Melon City,TX,10987,,,William Hall,,Software Engineer,Sophie Hall,,Graphic Designer,12-Nov-11,123456789012,Noah Hall,JKL Bank,1234567890,JKL12345678
22,Grace,Young,4,graceyoung@example.com,B,none,F,graceyoung.parent@example.com,1616 Kiwi St,Kiwiville,GA,21098,,,David Young,,Lawyer,Isabella Young,,Psychologist,25-Jun-12,123456789012,Grace Young,MNO Bank,2345678901,MNO23456789
23,Liam,Lopez,1,liamlopez@example.com,A,none,M,liamlopez.parent@example.com,1717 Pomegranate St,Pomegranate City,OH,32109,,,Christopher Lopez,,Engineer,Emma Lopez,,Doctor,08-Jan-13,123456789012,Liam Lopez,PQR Bank,3456789012,PQR34567890
24,Chloe,Roberts,2,chloeroberts@example.com,AB,none,F,chloeroberts.parent@example.com,1818 Mango St,Mango City,FL,43210,,,Jonathan Roberts,,Entrepreneur,Sophie Roberts,,Writer,20-Apr-14,123456789012,Chloe Roberts,XYZ Bank,4567890123,XYZ45678901
56,Eva,Harrison,2,evaharrison@example.com,B,none,F,evaharrison.parent@example.com,2525 Guava St,Guavaville,FL,54321,,,Christopher Harrison,,Entrepreneur,Olivia Harrison,,Doctor,15-Jul-37,123456789012,Eva Harrison,ABC Bank,1234567890,ABC12345678
57,Liam,Richardson,3,liamrichardson@example.com,AB,none,M,liamrichardson.parent@example.com,2626 Avocado St,Avocadotown,CA,43210,,,Jonathan Richardson,,Software Engineer,Sophia Richardson,,Graphic Designer,28-Mar-38,123456789012,Liam Richardson,XYZ Bank,2345678901,XYZ23456789
58,Ava,Stewart,4,avastewart@example.com,O,none,F,avastewart.parent@example.com,2727 Tangerine St,Tangerine City,TX,10987,,,David Stewart,,Architect,Isabella Stewart,,Lawyer,10-Nov-39,123456789012,Ava Stewart,PQR Bank,3456789012,PQR34567890
59,Noah,Kelly,1,noahkelly@example.com,A,none,M,noahkelly.parent@example.com,2828 Plum St,Plumsville,NJ,32109,,,Michael Kelly,,Professor,Emily Kelly,,Scientist,23-Jun-40,123456789012,Noah Kelly,LMN Bank,4567890123,LMN45678901
60,Isabella,Fisher,2,isabellafisher@example.com,B,none,F,isabellafisher.parent@example.com,2929 Papaya St,Papayatown,GA,21098,,,William Fisher,,Doctor,Sophie Fisher,,Interior Designer,05-Jan-41,123456789012,Isabella Fisher,OPQ Bank,5678901234,OPQ56789012
61,Liam,Fletcher,3,liamfletcher@example.com,A,none,M,liamfletcher.parent@example.com,3030 Kiwi St,Kiwiville,CA,43210,,,Christopher Fletcher,,Engineer,Olivia Fletcher,,Artist,18-Aug-42,123456789012,Liam Fletcher,STU Bank,6789012345,STU67890123
62,Sophia,Gilbert,4,sophiagilbert@example.com,B,none,F,sophiagilbert.parent@example.com,3131 Mango St,Mangotown,TX,10987,,,Jonathan Gilbert,,Entrepreneur,Emma Gilbert,,Writer,31-Mar-43,123456789012,Sophia Gilbert,XYZ Bank,7890123456,XYZ78901234
63,Oliver,Hanson,1,oliverhanson@example.com,O,none,M,oliverhanson.parent@example.com,3232 Raspberry St,Raspberrycity,FL,21098,,,David Hanson,,Lawyer,Isabella Hanson,,Psychologist,13-Nov-44,123456789012,Oliver Hanson,PQR Bank,123456789,PQR01234567
64,Emma,Hayes,2,emmahayes@example.com,A,none,F,emmahayes.parent@example.com,3333 Blueberry St,Blueberrytown,NJ,32109,,,Michael Hayes,,Physician,Sophie Hayes,,Photographer,26-Jun-45,123456789012,Emma Hayes,LMN Bank,1234567890,LMN12345678
65,Liam,Howe,3,liamhowe@example.com,AB,none,M,liamhowe.parent@example.com,3434 Blackberry St,Blackberry City,GA,43210,,,William Howe,,Architect,Sophie Howe,,Software Engineer,08-Feb-46,123456789012,Liam Howe,OPQ Bank,2345678901,OPQ23456789
66,Ava,Hudson,4,avahudson@example.com,O,none,F,avahudson.parent@example.com,3535 Banana St,Bananaville,CA,10987,,,Christopher Hudson,,Interior Designer,Olivia Hudson,,Doctor,21-Sep-47,123456789012,Ava Hudson,STU Bank,3456789012,STU34567890
67,Olivia,Irwin,1,oliviairwin@example.com,A,none,F,oliviairwin.parent@example.com,3636 Orange St,Orangetown,TX,21098,,,David Irwin,,Writer,Isabella Irwin,,Lawyer,04-Apr-48,123456789012,Olivia Irwin,XYZ Bank,4567890123,XYZ45678901
68,Lucas,Jackson,2,lucasjackson@example.com,B,none,M,lucasjackson.parent@example.com,3737 Pineapple St,Pineappleville,NJ,43210,,,Jonathan Jackson,,Entrepreneur,Sophie Jackson,,Psychologist,17-Nov-49,123456789012,Lucas Jackson,PQR Bank,5678901234,PQR56789012
69,Aria,Johnson,3,ariajohnson@example.com,O,none,F,ariajohnson.parent@example.com,3838 Cherry St,Cherrytown,GA,32109,,,David Johnson,,Engineer,Sophia Johnson,,Physician,30-Jun-50,123456789012,Aria Johnson,LMN Bank,6789012345,LMN67890123
70,Mason,Kane,4,masonkane@example.com,A,none,M,masonkane.parent@example.com,3939 Lemon St,Lemontown,FL,54321,,,Michael Kane,,Physician,Olivia Kane,,Graphic Designer,12-Feb-51,123456789012,Mason Kane,OPQ Bank,7890123456,OPQ78901234
71,Olivia,Kerr,1,oliviakerr@example.com,B,none,F,oliviakerr.parent@example.com,4040 Coconut St,Coconutville,NJ,10987,,,Christopher Kerr,,Architect,Isabella Kerr,,Writer,25-Sep-52,123456789012,Olivia Kerr,STU Bank,123456789,STU01234567
72,James,Knight,2,jamesknight@example.com,O,none,M,jamesknight.parent@example.com,4141 Pear St,Pearcity,TX,21098,,,David Knight,,Entrepreneur,Sophie Knight,,Psychologist,08-Apr-53,123456789012,James Knight,XYZ Bank,1234567890,XYZ12345678
73,Ella,Lane,3,ellalane@example.com,A,none,F,ellalane.parent@example.com,4242 Pine St,Pineville,CA,43210,,,Jonathan Lane,,Graphic Designer,Olivia Lane,,Lawyer,21-Nov-54,123456789012,Ella Lane,PQR Bank,2345678901,PQR23456789
74,Logan,Lawrence,4,loganlawrence@example.com,B,none,M,loganlawrence.parent@example.com,4343 Cherry St,Cherryville,NJ,32109,,,David Lawrence,,Physician,Sophia Lawrence,,Software Engineer,04-Jul-55,123456789012,Logan Lawrence,LMN Bank,3456789012,LMN34567890
75,Ava,Lee,1,avalee@example.com,O,none,F,avalee.parent@example.com,4444 Lemon St,Lemontown,GA,54321,,,Michael Lee,,Entrepreneur,Isabella Lee,,Psychologist,16-Feb-56,123456789012,Ava Lee,OPQ Bank,4567890123,OPQ45678901
76,Liam,Livingston,2,liamlivingston@example.com,A,none,M,liamlivingston.parent@example.com,4545 Coconut St,Coconutville,FL,21098,,,Christopher Livingston,,Physician,Olivia Livingston,,Artist,29-Sep-57,123456789012,Liam Livingston,STU Bank,5678901234,STU56789012
77,Sophia,Lloyd,3,sophialloyd@example.com,B,none,F,sophialloyd.parent@example.com,4646 Mango St,Mangotown,TX,10987,,,Jonathan Lloyd,,Physician,Emma Lloyd,,Interior Designer,11-Apr-58,123456789012,Sophia Lloyd,XYZ Bank,6789012345,XYZ67890123
78,Oliver,MacDonald,4,olivermacdonald@example.com,O,none,M,olivermacdonald.parent@example.com,4747 Raspberry St,Raspberryville,CA,32109,,,David MacDonald,,Software Engineer,Sophie MacDonald,,Psychologist,24-Nov-59,123456789012,Oliver MacDonald,PQR Bank,7890123456,PQR78901234
79,Ella,Mackenzie,1,ellamackenzie@example.com,A,none,F,ellamackenzie.parent@example.com,4848 Blackberry St,Blackberry City,NJ,54321,,,Michael Mackenzie,,Lawyer,Isabella Mackenzie,,Architect,07-Jul-60,123456789012,Ella Mackenzie,LMN Bank,123456789,LMN01234567
80,Lucas,Martin,2,lucasmartin@example.com,B,none,M,lucasmartin.parent@example.com,4949 Watermelon St,Watermelonville,GA,21098,,,Christopher Martin,,Entrepreneur,Olivia Martin,,Doctor,19-Feb-61,123456789012,Lucas Martin,OPQ Bank,1234567890,OPQ12345678
81,Aria,Matthews,3,ariamatthews@example.com,O,none,F,ariamatthews.parent@example.com,5050 Avocado St,Avocadotown,TX,43210,,,Jonathan Matthews,,Psychologist,Sophia Matthews,,Writer,03-Sep-62,123456789012,Aria Matthews,STU Bank,2345678901,STU23456789
82,Oliver,Mercer,4,olivermercer@example.com,A,none,M,olivermercer.parent@example.com,5151 Guava St,Guavaville,CA,10987,,,David Mercer,,Software Engineer,Emma Mercer,,Interior Designer,16-Apr-63,123456789012,Oliver Mercer,XYZ Bank,3456789012,XYZ34567890
83,Leonardo,Martin,3,leonardomartin@example.com,B,none,M,leonardomartin.parent@example.com,2828 Plum St,Plumville,CA,87654,,,Michael Martin,,Software Engineer,Olivia Martin,,Interior Designer,15-Feb-43,123456789012,Leonardo Martin,ABC Bank,7890123456,ABC78901234
84,Harper,Hughes,4,harperhughes@example.com,AB,none,F,harperhughes.parent@example.com,2929 Fig St,Figtown,FL,43210,,,Christopher Hughes,,Entrepreneur,Emily Hughes,,Writer,28-Sep-44,123456789012,Harper Hughes,DEF Bank,123456789,DEF01234567
85,Samuel,Nguyen,1,samuelnguyen@example.com,A,none,M,samuelnguyen.parent@example.com,3030 Olive St,Olive City,TX,10987,,,Nathan Nguyen,,Engineer,Isabella Nguyen,,Psychologist,12-May-45,123456789012,Samuel Nguyen,GHI Bank,2345678901,GHI23456789
86,Evelyn,Lee,2,evelynlee@example.com,B,none,F,evelynlee.parent@example.com,3131 Avocado St,Avocadoville,GA,21098,,,David Lee,,Lawyer,Isabella Lee,,Psychologist,25-Jan-46,123456789012,Evelyn Lee,JKL Bank,3456789012,JKL34567890
87,Lincoln,Morgan,3,lincolnmorgan@example.com,O,none,M,lincolnmorgan.parent@example.com,3232 Banana St,Bananatown,OH,32109,,,Thomas Morgan,,Professor,Sophia Morgan,,Artist,09-Oct-47,123456789012,Lincoln Morgan,MNO Bank,4567890123,MNO45678901
88,Aubrey,Evans,4,aubreyevans@example.com,AB,none,F,aubreyevans.parent@example.com,3333 Blueberry St,Blueville,CA,43210,,,Christopher Evans,,Entrepreneur,Emily Evans,,Writer,23-Apr-48,123456789012,Aubrey Evans,PQR Bank,5678901234,PQR56789012
89,Nolan,Tran,1,nolantran@example.com,A,none,M,nolantran.parent@example.com,3434 Cherry St,Cherryland,TX,10987,,,Nathan Tran,,Engineer,Isabella Tran,,Psychologist,05-Nov-49,123456789012,Nolan Tran,STU Bank,6789012345,STU67890123
90,Lily,Brooks,2,lilybrooks@example.com,B,none,F,lilybrooks.parent@example.com,3535 Date St,Dateville,GA,21098,,,David Brooks,,Lawyer,Isabella Brooks,,Psychologist,18-May-50,123456789012,Lily Brooks,VWX Bank,8901234567,VWX89012345
91,Carter,Fisher,3,carterfisher@example.com,O,none,M,carterfisher.parent@example.com,3636 Elderberry St,Eldertown,OH,32109,,,Thomas Fisher,,Professor,Sophia Fisher,,Artist,30-Jan-51,123456789012,Carter Fisher,ABC Bank,123456789,ABC01234567
92,Aria,Kim,4,ariakim@example.com,AB,none,F,ariakim.parent@example.com,3737 Fig St,Figtown,CA,43210,,,Christopher Kim,,Entrepreneur,Emily Kim,,Writer,12-Sep-52,123456789012,Aria Kim,DEF Bank,3456789012,DEF34567890
93,Leo,Chavez,1,leochavez@example.com,A,none,M,leochavez.parent@example.com,3838 Grape St,Grapeville,TX,10987,,,Nathan Chavez,,Engineer,Isabella Chavez,,Psychologist,25-Apr-53,123456789012,Leo Chavez,GHI Bank,4567890123,GHI45678901
94,Audrey,Burke,2,audreyburke@example.com,B,none,F,audreyburke.parent@example.com,3939 Hawthorn St,Hawthorntown,GA,21098,,,David Burke,,Lawyer,Isabella Burke,,Psychologist,07-Nov-54,123456789012,Audrey Burke,JKL Bank,5678901234,JKL56789012
95,Micah,Trujillo,3,micahtrujillo@example.com,O,none,M,micahtrujillo.parent@example.com,4040 Honeydew St,Honeydew City,OH,32109,,,Thomas Trujillo,,Professor,Sophia Trujillo,,Artist,20-May-55,123456789012,Micah Trujillo,MNO Bank,6789012345,MNO67890123
96,Eva,Pittman,4,evapittman@example.com,AB,none,F,evapittman.parent@example.com,4141 Juniper St,Juniperville,CA,43210,,,Christopher Pittman,,Entrepreneur,Emily Pittman,,Writer,02-Jan-56,123456789012,Eva Pittman,PQR Bank,7890123456,PQR78901234
97,Elias,Kane,1,eliaskane@example.com,A,none,M,eliaskane.parent@example.com,4242 Kiwi St,Kiwitown,TX,10987,,,Nathan Kane,,Engineer,Isabella Kane,,Psychologist,15-Aug-57,123456789012,Elias Kane,STU Bank,123456789,STU01234567
98,Stella,Yang,2,stellayang@example.com,B,none,F,stellayang.parent@example.com,4343 Lemon St,Lemonville,GA,21098,,,David Yang,,Lawyer,Isabella Yang,,Psychologist,27-Feb-58,123456789012,Stella Yang,VWX Bank,2345678901,VWX23456789
99,Maximus,Hansen,3,maximushansen@example.com,O,none,M,maximushansen.parent@example.com,4444 Mango St,Mangotown,OH,32109,,,Thomas Hansen,,Professor,Sophia Hansen,,Artist,10-Oct-59,123456789012,Maximus Hansen,ABC Bank,3456789012,ABC34567890
100,Scarlett,Snyder,4,scarlettsnyder@example.com,AB,none,F,scarlettsnyder.parent@example.com,4545 Nectarine St,Nectartown,CA,43210,,,Christopher Snyder,,Entrepreneur,Emily Snyder,,Writer,22-Apr-60,123456789012,Scarlett Snyder,DEF Bank,5678901234,DEF56789012
,,,,,,,,,,,,,,,,,,,,,,,,,,
